id,created_at,char,char_data
80,2026-02-18 09:27:03.298583,ι,"{""letter"":""ι"",""timestamp"":""2026-02-18T09:27:03.061Z"",""num_strokes"":1,""strokes"":[[[303.66666666666663,131.5,0],[298.66666666666663,149.5,0.03],[299,163.5,0.046],[304,181.16666666666663,0.063],[309,201.5,0.079],[315.3333333333333,222.16666666666663,0.096],[325.3333333333333,240.16666666666663,0.113],[338.3333333333333,252.83333333333326,0.129],[352.66666666666663,259.5,0.146],[365.66666666666663,261.83333333333326,0.162],[377.66666666666663,262.5,0.179],[389.3333333333333,262.5,0.196],[398.3333333333333,259.5,0.213]]]}"
35,2026-02-17 21:48:51.585071,ι,"{""letter"":""ι"",""timestamp"":""2026-02-17T21:48:51.496Z"",""num_strokes"":1,""strokes"":[[[287.86365509033203,160.54547119140625,0],[287.9790573120117,189.65908813476562,0.096],[289.18824005126953,201.84054565429688,0.112],[290.4151382446289,211.86895751953125,0.129],[290.5909194946289,220.29013061523438,0.145],[290.5909194946289,228.99752807617188,0.162],[290.5909194946289,238.75497436523438,0.18],[290.60193634033203,246.27413940429688,0.197],[291.01705169677734,252.63174438476562,0.214],[292.0504379272461,258.5536193847656,0.231],[293.2002944946289,263.1225280761719,0.246],[294.18822479248047,265.8100280761719,0.264],[295.3519515991211,267.4073181152344,0.28],[296.61009979248047,269.0284118652344,0.297],[297.78836822509766,270.5245056152344,0.313],[298.85619354248047,271.8561706542969,0.33],[299.6488265991211,272.74395751953125,0.345],[300.35440826416016,273.234375,0.365],[301.3636703491211,273.31817626953125,0.379],[303.19603729248047,273.31219482421875,0.396],[305.4691390991211,273.1257019042969,0.413],[309.7933578491211,272.6217956542969,0.429],[312.22728729248047,272.0909118652344,0.44]]]}"
37,2026-02-17 21:48:57.036216,ι,"{""letter"":""ι"",""timestamp"":""2026-02-17T21:48:56.952Z"",""num_strokes"":1,""strokes"":[[[290.5454635620117,162.68185424804688,0],[289.19141387939453,190.9683837890625,0.096],[287.32495880126953,206.81533813476562,0.111],[285.60689544677734,222.81747436523438,0.128],[284.3824691772461,237.7542724609375,0.145],[284.48368072509766,248.8597412109375,0.161],[285.48653411865234,256.7663269042969,0.179],[287.41231536865234,262.1644287109375,0.195],[290.14986419677734,265.4719543457031,0.212],[293.2482376098633,267.1608581542969,0.228],[296.89453887939453,268.0110168457031,0.246],[300.54048919677734,268.4928894042969,0.262],[303.9886703491211,268.8544006347656,0.281],[306.87252044677734,269.0909118652344,0.297],[309.6232376098633,269.0909118652344,0.313],[312.46414947509766,268.8619079589844,0.328],[315.1207504272461,268.37713623046875,0.345],[316.9091262817383,268.2272644042969,0.358]]]}"
51,2026-02-18 09:16:32.992288,ι,"{""letter"":""ι"",""timestamp"":""2026-02-18T09:16:32.898Z"",""num_strokes"":1,""strokes"":[[[245,106,0],[248,110,0.047],[248,114,0.061],[248,122,0.077],[248,128,0.096],[248,133,0.111],[248,139,0.128],[248,144,0.144],[248,149,0.161],[249,152,0.178],[249,154,0.195],[250,155,0.211],[251,155,0.261],[253,155,0.278],[255,155,0.296],[257,155,0.311],[260,155,0.328],[262,155,0.345],[263,155,0.362],[265,155,0.378],[266,155,0.395],[267,155,0.411],[269,155,0.428],[270,155,0.444]]]}"
66,2026-02-18 09:26:22.062266,ι,"{""letter"":""ι"",""timestamp"":""2026-02-18T09:26:21.865Z"",""num_strokes"":1,""strokes"":[[[313.3333333333333,191.5,0],[309.66666666666663,206.16666666666663,0.044],[309.66666666666663,216.5,0.061],[309,229.16666666666663,0.077],[308,243.83333333333326,0.094],[308,259.16666666666663,0.11],[309.3333333333333,273.16666666666663,0.127],[315.66666666666663,285.83333333333326,0.144],[322.66666666666663,298.83333333333326,0.16],[330,311.5,0.177],[336,322.16666666666663,0.194],[340,331.16666666666663,0.21],[343,337.5,0.227],[344.66666666666663,341.5,0.244],[347,344.83333333333326,0.26],[350.3333333333333,347.83333333333326,0.277],[355,349.5,0.294],[361.3333333333333,349.83333333333326,0.31]]]}"
796,2026-02-18 17:41:53.587528,ι,"{""letter"":""ι"",""timestamp"":""2026-02-18T17:41:53.742Z"",""num_strokes"":2,""strokes"":[[[262.40023040771484,143.79653930664062,0],[260.7159194946289,163.07635498046875,0.067],[258.97196197509766,187.11257934570312,0.083],[258.04048919677734,207.42401123046875,0.1],[257.08594512939453,226.55368041992188,0.117],[255.32884979248047,243.5784912109375,0.134],[254.04439544677734,253.56893920898438,0.146]],[[338.69319915771484,14.420120239257812,0]]]}"
97,2026-02-18 09:30:19.834701,ι,"{""letter"":""ι"",""timestamp"":""2026-02-18T09:30:19.427Z"",""num_strokes"":1,""strokes"":[[[297.44652557373047,195.506591796875,0],[297.5527877807617,195.506591796875,0.007],[297.7937545776367,195.506591796875,0.015],[297.8715286254883,195.506591796875,0.025],[297.8715286254883,195.61251831054688,0.033],[297.8715286254883,196.08090209960938,0.041],[297.71215057373047,196.67501831054688,0.049],[297.44652557373047,197.3125,0.057],[297.0746536254883,198.32186889648438,0.067],[296.6201400756836,199.2010498046875,0.074],[296.1951370239258,200.08645629882812,0.082],[295.7847213745117,201.328125,0.09],[295.6937484741211,202.69271850585938,0.1],[295.64063262939453,204.48333740234375,0.108],[295.1624984741211,206.448974609375,0.116],[294.7906265258789,208.8392333984375,0.124],[294.4423599243164,211.89932250976562,0.132],[294.1531295776367,214.84967041015625,0.14],[294.2593765258789,218.02084350585938,0.15],[294.20626068115234,221.1097412109375,0.158],[293.8583450317383,224.62258911132812,0.166],[293.67501068115234,227.696533203125,0.175],[293.83055877685547,231.53402709960938,0.182],[294.46736907958984,235.14166259765625,0.19],[295.37500762939453,238.4263916015625,0.199],[296.8857650756836,242.24481201171875,0.207],[298.4545211791992,245.3975830078125,0.217],[300.2746810913086,247.44827270507812,0.224],[301.74930572509766,248.30661010742188,0.232],[303.71459197998047,248.94415283203125,0.24],[305.62674713134766,249.1566162109375,0.25],[306.5829849243164,249.1566162109375,0.254]]]}"
114,2026-02-18 09:31:23.70804,ι,"{""letter"":""ι"",""timestamp"":""2026-02-18T09:31:23.577Z"",""num_strokes"":1,""strokes"":[[[310.66666666666663,196.33333333333331,0],[310,209,0.027],[310,212.33333333333331,0.043],[310,216,0.044],[310,223,0.06],[310,234,0.077],[310,240.66666666666663,0.094],[310.3333333333333,246.66666666666663,0.11],[310.3333333333333,252.33333333333326,0.126],[310.3333333333333,258,0.143],[310.66666666666663,263.66666666666663,0.16],[311.3333333333333,268.66666666666663,0.176],[313,272.33333333333326,0.193]]]}"
123,2026-02-18 09:31:36.868692,ι,"{""letter"":""ι"",""timestamp"":""2026-02-18T09:31:36.462Z"",""num_strokes"":1,""strokes"":[[[289.42569732666016,173.86631774902344,0],[289.42569732666016,173.86631774902344,0],[289.53194427490234,173.86631774902344,0.007],[289.49271392822266,174.29136657714844,0.042],[289.2788314819336,174.6100616455078,0.05],[289.04236602783203,175.0072784423828,0.059],[288.7486343383789,175.43299865722656,0.066],[288.5757064819336,176.20347595214844,0.074],[288.1507034301758,177.05348205566406,0.083],[288.00418853759766,178.3722686767578,0.091],[287.72570037841797,179.3906707763672,0.1],[287.5132064819336,181.7819366455078,0.108],[287.46007537841797,183.71388244628906,0.116],[287.36217498779297,185.48719787597656,0.124],[287.03543853759766,186.72117614746094,0.133],[286.76981353759766,188.04930114746094,0.141],[286.71666717529297,189.32395935058594,0.149],[287.0145950317383,190.72743225097656,0.158],[287.83194732666016,192.24549865722656,0.166],[289.55106353759766,194.84825134277344,0.174],[290.91284942626953,196.5482635498047,0.183],[293.03577423095703,198.2739715576172,0.191],[294.4437484741211,198.86671447753906,0.2],[295.7468795776367,198.83229064941406,0.208],[297.1277847290039,197.2916717529297,0.217],[297.5527877807617,196.8138885498047,0.22]]]}"
141,2026-02-18 10:00:22.629593,ι,"{""letter"":""ι"",""timestamp"":""2026-02-18T10:00:22.692Z"",""num_strokes"":1,""strokes"":[[[263.49007415771484,221.60658264160156,0],[263.49007415771484,221.60658264160156,0.032],[275.21236419677734,218.46839904785156,0.147],[278.52344512939453,218.04689025878906,0.164],[282.3121566772461,217.9716033935547,0.181],[285.65450286865234,218.33522033691406,0.198],[287.97872161865234,219.86293029785156,0.214],[289.28446197509766,222.15235900878906,0.231],[288.80399322509766,224.61936950683594,0.247],[286.79581451416016,229.28480529785156,0.264],[283.59803009033203,235.16624450683594,0.281],[280.62110137939453,241.4857940673828,0.298],[277.64136505126953,248.17543029785156,0.314],[273.57813262939453,254.99183654785156,0.331],[269.78658294677734,261.3892059326172,0.348],[265.7652816772461,267.2865753173828,0.365],[263.09410858154297,272.92298889160156,0.381],[261.9659194946289,277.5028533935547,0.398],[261.67366790771484,281.5174102783203,0.415],[262.1637191772461,283.28941345214844,0.432],[265.93289947509766,286.07493591308594,0.448],[276.0064010620117,289.4907684326172,0.464],[290.45455169677734,291.82249450683594,0.481],[308.17578887939453,293.21311950683594,0.499]]]}"
161,2026-02-18 10:04:00.863174,ι,"{""letter"":""ι"",""timestamp"":""2026-02-18T10:04:00.955Z"",""num_strokes"":1,""strokes"":[[[274.93395233154297,206.88706970214844,0],[272.7322463989258,220.89524841308594,0.107],[270.30220794677734,230.51243591308594,0.124],[266.03018951416016,240.11399841308594,0.141],[261.22408294677734,249.79298400878906,0.157],[257.2002944946289,257.8373565673828,0.174],[254.1133041381836,265.3821563720703,0.191],[252.51598358154297,271.6736602783203,0.208],[252.7070541381836,277.50462341308594,0.225],[256.33487701416016,283.87501525878906,0.242],[262.7148666381836,288.3743438720703,0.258],[270.7681350708008,290.89524841308594,0.274],[281.03658294677734,292.74220275878906,0.291],[290.7340316772461,293.0330352783203,0.308],[299.2017135620117,292.3302764892578,0.325],[303.9978713989258,290.8519744873047,0.338]]]}"
164,2026-02-18 10:04:05.336009,ι,"{""letter"":""ι"",""timestamp"":""2026-02-18T10:04:05.387Z"",""num_strokes"":1,""strokes"":[[[294.2777786254883,289.9361267089844,0],[294.2777786254883,289.9361267089844,0.005],[294.1840286254883,290.1371765136719,0.013],[293.9027786254883,290.3382263183594,0.022],[293.6215286254883,290.5392150878906,0.031],[293.2465286254883,290.9413146972656,0.039],[292.4965286254883,292.3486022949219,0.047],[291.4652786254883,295.1631774902344,0.056],[291.1840286254883,297.5757751464844,0.064],[290.8090286254883,300.3902893066406,0.072],[290.1527786254883,304.2100524902344,0.081],[289.3090286254883,308.8340148925781,0.089],[288.3715286254883,313.4579772949219,0.097],[287.4340286254883,318.2829895019531,0.106],[286.7777786254883,324.1131896972656,0.114],[286.4027786254883,328.9382019042969,0.122],[286.4965286254883,333.9642639160156,0.131],[286.8715286254883,338.7892761230469,0.139],[287.5277786254883,343.0111389160156,0.147],[288.0902786254883,346.4288024902344,0.156],[288.8402786254883,349.4444274902344,0.164],[289.6840286254883,351.6559143066406,0.172],[290.6215286254883,353.4653015136719,0.181],[291.7465286254883,355.0736389160156,0.189],[292.9652786254883,356.4809265136719,0.197],[294.3715286254883,358.0892639160156,0.205],[295.6840286254883,359.2955017089844,0.214],[296.9027786254883,360.5017395019531,0.223],[298.2152786254883,361.7079772949219,0.23],[299.3402786254883,362.9142761230469,0.239]]]}"
205,2026-02-18 12:38:03.629629,ι,"{""letter"":""ι"",""timestamp"":""2026-02-18T12:38:03.751Z"",""num_strokes"":1,""strokes"":[[[272.93575286865234,216.88108825683594,0],[272.93575286865234,216.88108825683594,0.037],[272.93575286865234,216.88108825683594,0.102],[272.93575286865234,216.88108825683594,0.123],[272.93575286865234,221.8650665283203,0.142],[273.29903411865234,232.4091033935547,0.152],[273.66231536865234,241.22767639160156,0.168],[273.7837448120117,248.14173889160156,0.185],[274.02559661865234,255.68861389160156,0.202],[273.0557632446289,265.22767639160156,0.218],[272.57247161865234,266.6786346435547,0.222]]]}"
183,2026-02-18 10:22:10.169396,ι,"{""letter"":""ι"",""timestamp"":""2026-02-18T10:22:10.041Z"",""num_strokes"":1,""strokes"":[[[296.3333333333333,114.33333333333331,0],[295,118.66666666666669,0.047],[294.66666666666663,126.33333333333331,0.063],[294.66666666666663,134.66666666666669,0.08],[294.66666666666663,137.33333333333331,0.081],[294.66666666666663,150.66666666666669,0.097],[294.66666666666663,163.66666666666669,0.114],[295,174.99999999999994,0.13],[296.3333333333333,182.33333333333331,0.147],[298.3333333333333,184.33333333333331,0.164],[303.3333333333333,184.33333333333331,0.18],[313.66666666666663,182.99999999999994,0.197],[329.3333333333333,175.66666666666669,0.214],[347,166.33333333333331,0.23],[351.3333333333333,163,0.247]]]}"
197,2026-02-18 10:22:43.154684,ι,"{""letter"":""ι"",""timestamp"":""2026-02-18T10:22:43.015Z"",""num_strokes"":1,""strokes"":[[[307.66666666666663,88.66666666666669,0],[306,92,0.046],[301.66666666666663,103.66666666666669,0.063],[300.66666666666663,107.66666666666669,0.063],[295.66666666666663,123.66666666666669,0.08],[291.3333333333333,138.66666666666669,0.096],[288,151.66666666666669,0.113],[285,162.66666666666669,0.13],[283.3333333333333,172.33333333333331,0.146],[283,180.66666666666669,0.163],[283.3333333333333,188.33333333333331,0.179],[290,194.66666666666669,0.196],[300.3333333333333,198.33333333333331,0.213],[315,199.33333333333331,0.23],[331,197.33333333333331,0.246],[347.3333333333333,185,0.263],[360,168.66666666666669,0.279],[369.3333333333333,154.66666666666669,0.296],[371,151.33333333333331,0.313]]]}"
491,2026-02-18 16:32:23.712417,ι,"{""letter"":""ι"",""timestamp"":""2026-02-18T16:32:24.454Z"",""num_strokes"":1,""strokes"":[[[279.02222442626953,150.57777404785156,0],[277.95555877685547,150.93336486816406,0.007],[277.5999984741211,151.6444549560547,0.024],[277.2444534301758,152.7111053466797,0.039],[277.2444534301758,154.8444366455078,0.056],[276.1777877807617,162.6666717529297,0.073],[274.4000015258789,177.59999084472656,0.09],[274.0444564819336,185.7777862548828,0.106],[274.4000015258789,193.2444305419922,0.124],[276.1777877807617,199.6444549560547,0.139],[277.95555877685547,203.55555725097656,0.157],[280.0888900756836,205.3333282470703,0.173],[282.93334197998047,205.6888885498047,0.19],[293.5999984741211,203.1999969482422,0.206],[301.0666732788086,200.7111053466797,0.22]]]}"
223,2026-02-18 12:40:42.877296,ι,"{""letter"":""ι"",""timestamp"":""2026-02-18T12:40:42.786Z"",""num_strokes"":1,""strokes"":[[[280.44445037841797,180.5333251953125,0],[279.6805648803711,180.5333251953125,0.035],[279.37779998779297,182.5111083984375,0.075],[279.0590286254883,183.9420166015625,0.084],[278.37049102783203,185.71841430664062,0.093],[277.3225784301758,188.83233642578125,0.101],[275.27709197998047,195.29653930664062,0.109],[273.12918853759766,202.09796142578125,0.117],[271.9565963745117,207.0020751953125,0.126],[270.55660247802734,210.92465209960938,0.134],[268.76285552978516,215.5982666015625,0.143],[266.9996566772461,220.52499389648438,0.151],[265.5517349243164,225.54617309570312,0.16],[263.5236129760742,230.65768432617188,0.167],[262.04166412353516,236.3663330078125,0.175],[261.6187515258789,241.42608642578125,0.184],[260.92430877685547,246.41876220703125,0.191],[260.2125015258789,251.06393432617188,0.2],[259.50208282470703,255.68060302734375,0.209],[259.1312484741211,260.2729187011719,0.216],[259.4496536254883,264.5958251953125,0.225],[260.46492767333984,268.46075439453125,0.234],[261.19791412353516,272.03472900390625,0.242],[261.91007232666016,275.26214599609375,0.25],[262.9541702270508,277.4638671875,0.259],[264.6909713745117,279.26873779296875,0.267],[266.8076400756836,280.381591796875,0.275],[268.59793853759766,281.11041259765625,0.283],[270.70104217529297,281.4871826171875,0.292],[273.48856353759766,281.5111083984375,0.3],[276.6732864379883,280.847900390625,0.309],[280.19652557373047,280.1385498046875,0.317],[284.1670150756836,279.41217041015625,0.325],[288.9937515258789,278.384033203125,0.334],[294.33472442626953,277.310791015625,0.342],[298.01598358154297,276.2395935058594,0.35],[302.5680618286133,275.175048828125,0.358],[308.22986602783203,275.1111145019531,0.367],[308.53333282470703,275.1111145019531,0.372]]]}"
229,2026-02-18 12:40:54.562557,ι,"{""letter"":""ι"",""timestamp"":""2026-02-18T12:40:54.688Z"",""num_strokes"":1,""strokes"":[[[278.3853073120117,155.42791748046875,0],[278.3853073120117,155.42791748046875,0.022],[279.4751510620117,169.67401123046875,0.138],[279.03589630126953,180.39028930664062,0.154],[277.49610137939453,189.438232421875,0.171],[275.2588882446289,197.16265869140625,0.187],[272.6274948120117,204.33346557617188,0.204],[270.97408294677734,209.4417724609375,0.221],[269.49503326416016,215.1683349609375,0.237],[268.35298919677734,220.88180541992188,0.254],[267.56856536865234,225.97799682617188,0.271],[267.48653411865234,230.20809936523438,0.287],[268.2017135620117,232.81607055664062,0.304],[269.71700286865234,236.19781494140625,0.321],[271.99503326416016,239.12896728515625,0.338],[275.28340911865234,240.93075561523438,0.354],[278.7627944946289,241.93756103515625,0.371],[283.74788665771484,242.30084228515625,0.387],[289.02664947509766,241.77096557617188,0.404],[295.2173385620117,240.12039184570312,0.421],[300.44815826416016,237.19497680664062,0.438],[304.7290573120117,234.0589599609375,0.455],[307.08594512939453,231.75994873046875,0.472]]]}"
249,2026-02-18 12:45:10.236078,ι,"{""letter"":""ι"",""timestamp"":""2026-02-18T12:45:10.014Z"",""num_strokes"":1,""strokes"":[[[292.72728729248047,132,0],[291.44356536865234,133.19830322265625,0.081],[290.35660552978516,136.29031372070312,0.097],[288.63770294189453,141.76815795898438,0.119],[287.1680221557617,148.10760498046875,0.132],[285.73616790771484,155.31930541992188,0.149],[283.83704376220703,164.3426513671875,0.165],[281.94422149658203,175.00631713867188,0.181],[279.30774688720703,188.10653686523438,0.199],[277.6834030151367,200.8494873046875,0.216],[275.8804244995117,214.25180053710938,0.236],[274.0236129760742,229.47116088867188,0.25],[271.4828414916992,244.71102905273438,0.268],[269.31107330322266,257.9997253417969,0.284],[267.04056549072266,271.1338806152344,0.301],[265.6878433227539,281.5746154785156,0.318],[265.00679779052734,291.7231140136719,0.335],[264.72728729248047,302.4444274902344,0.351],[264.72728729248047,312.1524353027344,0.366],[265.0909194946289,320.6105651855469,0.385],[265.99376678466797,325.7932434082031,0.401],[267.83936309814453,330.5877990722656,0.417],[271.21463775634766,334.9120788574219,0.435],[276.1849136352539,338.5246276855469,0.45],[281.68595123291016,341.3883972167969,0.468],[286.9366989135742,342.6573181152344,0.485],[292.9413070678711,343.7085876464844,0.502],[298.7013626098633,343.6363830566406,0.518],[304.58715057373047,342.3986511230469,0.533],[310.54398345947266,340.2027282714844,0.552],[316.9183578491211,335.9476623535156,0.567],[322.6231918334961,330.0489807128906,0.583],[327.8674850463867,322.7867126464844,0.603],[332.03739166259766,316.1257629394531,0.619],[335.17064666748047,310.8150329589844,0.634],[337.27318572998047,306.9689636230469,0.652],[337.88672637939453,304.5216369628906,0.668],[338.5454635620117,302.7596740722656,0.686],[338.5454635620117,301.7463684082031,0.702],[338.5454635620117,301.4209899902344,0.719],[338.5454635620117,300.6626892089844,0.735],[338.5454635620117,299.9308776855469,0.752],[338.5454635620117,299.1863708496094,0.769],[338.5454635620117,298.4623107910156,0.786],[338.5454635620117,297.7369079589844,0.802],[338.5454635620117,297.2727355957031,0.819]]]}"
263,2026-02-18 12:46:39.278575,ι,"{""letter"":""ι"",""timestamp"":""2026-02-18T12:46:39.156Z"",""num_strokes"":1,""strokes"":[[[306.1818313598633,154.727294921875,0],[305.81819915771484,156.18182373046875,0.036],[303.2425765991211,167.11306762695312,0.053],[299.8709030151367,183.74237060546875,0.07],[296.64066314697266,202.01766967773438,0.086],[293.6076126098633,223.74197387695312,0.103],[290.48767852783203,247.8695068359375,0.118],[287.67545318603516,272.2236328125,0.135],[285.59114837646484,295.4068298339844,0.152],[285.45455169677734,316.6753234863281,0.169],[285.9200210571289,332.8220520019531,0.185],[287.5165786743164,344.8363342285156,0.203],[290.52156829833984,354.7405090332031,0.218],[295.14388275146484,360.4165954589844,0.237],[301.14571380615234,361.7232971191406,0.251],[306.19283294677734,358.8639831542969,0.272],[314.9961929321289,351.0944519042969,0.286],[322.70264434814453,341.5775451660156,0.302],[330.1528854370117,330.4071350097656,0.319],[335.1724624633789,321.2887878417969,0.336],[338.4339828491211,312.8799743652344,0.353],[341.3550796508789,304.54638671875,0.369],[342.2799758911133,299.3276062011719,0.386],[342.5454635620117,298,0.396]]]}"
338,2026-02-18 13:37:41.775401,ι,"{""letter"":""ι"",""timestamp"":""2026-02-18T13:37:42.458Z"",""num_strokes"":1,""strokes"":[[[284.7111129760742,112.97781372070312,0],[284.0000228881836,113.33334350585938,0.006],[282.93334197998047,114.39999389648438,0.023],[282.2222213745117,116.5333251953125,0.039],[280.0888900756836,124,0.057],[275.46666717529297,146.04443359375,0.072],[272.62223052978516,168.79998779296875,0.089],[271.9111099243164,189.06671142578125,0.105],[272.97777557373047,204,0.122],[274.4000015258789,212.5333251953125,0.139],[277.2444534301758,217.5111083984375,0.155],[280.0888900756836,218.93338012695312,0.173],[284.7111129760742,218.93338012695312,0.189],[288.97777557373047,217.86666870117188,0.205],[293.2444534301758,217.5111083984375,0.223],[297.15555572509766,216.4444580078125,0.238],[302.84444427490234,214.3111572265625,0.256],[307.11112213134766,211.4666748046875,0.269]]]}"
632,2026-02-18 16:41:59.844827,ι,"{""letter"":""ι"",""timestamp"":""2026-02-18T16:41:59.714Z"",""num_strokes"":1,""strokes"":[[[309.7704849243164,157.22882080078125,0],[309.7704849243164,157.22882080078125,0.033],[306.21805572509766,174.81805419921875,0.067],[307.1701431274414,190.97882080078125,0.083],[307.88159942626953,205.07083129882812,0.1],[308.84757232666016,213.24444580078125,0.117],[311.1152877807617,216.11874389648438,0.134],[316.3652877807617,214.0489501953125,0.151],[327.9746627807617,203.34408569335938,0.168],[343.4930648803711,189.65036010742188,0.184],[358.7916946411133,177.84271240234375,0.199]]]}"
277,2026-02-18 13:14:32.849513,ι,"{""letter"":""ι"",""timestamp"":""2026-02-18T13:14:33.593Z"",""num_strokes"":1,""strokes"":[[[256.41741943359375,228.1219482421875,0],[256.41741943359375,231.1219482421875,0.083],[256.41741943359375,235.1219482421875,0.1],[256.41741943359375,240.1219482421875,0.116],[256.41741943359375,244.1219482421875,0.133],[256.41741943359375,248.1219482421875,0.15],[256.41741943359375,249.1219482421875,0.166],[256.41741943359375,251.1219482421875,0.183],[256.41741943359375,252.1219482421875,0.2],[257.41741943359375,253.1219482421875,0.216],[257.41741943359375,256.1219482421875,0.233],[257.41741943359375,258.1219482421875,0.25],[257.41741943359375,259.1219482421875,0.267],[257.41741943359375,261.1219482421875,0.284],[257.41741943359375,263.1219482421875,0.3],[258.41741943359375,265.1219482421875,0.317],[258.41741943359375,268.1219482421875,0.333],[259.41741943359375,271.1219482421875,0.35],[259.41741943359375,274.1219482421875,0.366],[259.41741943359375,275.1219482421875,0.383],[259.41741943359375,276.1219482421875,0.4],[259.41741943359375,278.1219482421875,0.417],[259.41741943359375,279.1219482421875,0.433],[260.41741943359375,281.1219482421875,0.45],[260.41741943359375,283.1219482421875,0.467],[260.41741943359375,284.1219482421875,0.484],[260.41741943359375,286.1219482421875,0.501],[261.41741943359375,287.1219482421875,0.517],[261.41741943359375,288.1219482421875,0.534],[262.41741943359375,289.1219482421875,0.584],[263.41741943359375,289.1219482421875,0.612],[264.41741943359375,289.1219482421875,0.628],[266.41741943359375,289.1219482421875,0.667],[267.41741943359375,289.1219482421875,0.684],[268.41741943359375,289.1219482421875,0.7],[269.41741943359375,289.1219482421875,0.717]]]}"
291,2026-02-18 13:17:08.177146,ι,"{""letter"":""ι"",""timestamp"":""2026-02-18T13:17:08.945Z"",""num_strokes"":1,""strokes"":[[[285.41741943359375,159.98965454101562,0],[285.41741943359375,160.98965454101562,0.177],[285.41741943359375,161.98965454101562,0.189],[285.41741943359375,163.98965454101562,0.206],[285.41741943359375,165.98965454101562,0.222],[285.41741943359375,166.98965454101562,0.239],[285.41741943359375,167.98965454101562,0.256],[285.41741943359375,168.98965454101562,0.273],[285.41741943359375,170.98965454101562,0.289],[285.41741943359375,171.98965454101562,0.306],[286.41741943359375,173.98965454101562,0.323],[286.41741943359375,174.98965454101562,0.339],[286.41741943359375,176.98965454101562,0.356],[287.41741943359375,178.98965454101562,0.373],[288.41741943359375,180.98965454101562,0.389],[289.41741943359375,182.98965454101562,0.406],[290.41741943359375,184.98965454101562,0.423],[291.41741943359375,185.98965454101562,0.44],[292.41741943359375,187.98965454101562,0.456],[293.41741943359375,187.98965454101562,0.618],[295.41741943359375,187.98965454101562,0.705],[296.41741943359375,187.98965454101562,0.736]]]}"
305,2026-02-18 13:18:56.522959,ι,"{""letter"":""ι"",""timestamp"":""2026-02-18T13:18:57.121Z"",""num_strokes"":1,""strokes"":[[[206.41741943359375,213.1219482421875,0],[206.41741943359375,215.1219482421875,0.083],[206.41741943359375,217.1219482421875,0.091],[206.41741943359375,220.1219482421875,0.107],[206.41741943359375,223.1219482421875,0.123],[205.41741943359375,225.1219482421875,0.14],[204.41741943359375,226.1219482421875,0.157],[204.41741943359375,226.1219482421875,0.173],[204.41741943359375,229.1219482421875,0.19],[204.41741943359375,232.1219482421875,0.206],[204.41741943359375,234.1219482421875,0.223],[203.41741943359375,235.1219482421875,0.24],[203.41741943359375,236.1219482421875,0.256],[203.41741943359375,237.1219482421875,0.273],[203.41741943359375,238.1219482421875,0.29],[203.41741943359375,240.1219482421875,0.306],[203.41741943359375,242.1219482421875,0.323],[203.41741943359375,244.1219482421875,0.34],[204.41741943359375,244.1219482421875,0.357],[204.41741943359375,245.1219482421875,0.378],[204.41741943359375,246.1219482421875,0.424],[204.41741943359375,247.1219482421875,0.44],[205.41741943359375,247.1219482421875,0.457],[205.41741943359375,248.1219482421875,0.474],[207.41741943359375,248.1219482421875,0.498],[207.41741943359375,249.1219482421875,0.514],[208.41741943359375,249.1219482421875,0.524],[209.41741943359375,251.1219482421875,0.54],[210.41741943359375,251.1219482421875,0.557],[211.41741943359375,252.1219482421875,0.574],[212.41741943359375,253.1219482421875,0.591],[214.41741943359375,253.1219482421875,0.607],[214.41741943359375,254.1219482421875,0.624],[215.41741943359375,254.1219482421875,0.64],[217.41741943359375,255.1219482421875,0.657]]]}"
324,2026-02-18 13:37:07.046224,ι,"{""letter"":""ι"",""timestamp"":""2026-02-18T13:37:07.747Z"",""num_strokes"":1,""strokes"":[[[332.00000762939453,156.71112060546875,0],[331.64444732666016,156.71112060546875,0.018],[330.5777816772461,158.4888916015625,0.033],[328.80001068115234,163.11111450195312,0.05],[323.46666717529297,177.33334350585938,0.066],[321.33333587646484,184.79998779296875,0.083],[320.9778060913086,191.55560302734375,0.1],[321.6888961791992,197.60000610351562,0.116],[322.4000015258789,201.5111083984375,0.133],[323.46666717529297,204,0.149],[324.8888931274414,206.4888916015625,0.166],[326.31111907958984,208.26666259765625,0.183],[328.0888900756836,209.33334350585938,0.199],[329.51111602783203,209.68893432617188,0.216],[330.93334197998047,209.68893432617188,0.233],[333.42223358154297,207.20001220703125,0.249]]]}"
352,2026-02-18 13:38:11.652525,ι,"{""letter"":""ι"",""timestamp"":""2026-02-18T13:38:12.342Z"",""num_strokes"":1,""strokes"":[[[313.51111602783203,77.06668090820312,0],[313.51111602783203,77.06668090820312,0.01],[313.51111602783203,77.42221069335938,0.028],[313.15555572509766,77.77777099609375,0.043],[313.15555572509766,79.20001220703125,0.06],[313.15555572509766,84.17776489257812,0.076],[313.15555572509766,105.5111083984375,0.093],[312.44445037841797,122.22225952148438,0.11],[312.44445037841797,139.28887939453125,0.127],[312.44445037841797,156.35556030273438,0.143],[311.7333450317383,170.93338012695312,0.16],[311.02222442626953,179.82223510742188,0.176],[310.31111907958984,185.15554809570312,0.193],[309.95555877685547,187.28887939453125,0.209],[312.44445037841797,187.28887939453125,0.26],[318.48889923095703,186.22222900390625,0.277],[327.3777847290039,185.5111083984375,0.293],[335.9111099243164,183.022216796875,0.31],[346.5777816772461,178.39999389648438,0.326]]]}"
380,2026-02-18 13:39:07.110785,ι,"{""letter"":""ι"",""timestamp"":""2026-02-18T13:39:07.785Z"",""num_strokes"":1,""strokes"":[[[293.2444534301758,156.2666778564453,0],[292.1777877807617,156.97776794433594,0.009],[292.1777877807617,157.6888885498047,0.025],[292.1777877807617,159.46665954589844,0.042],[292.1777877807617,164.44444274902344,0.058],[291.82222747802734,182.2222137451172,0.075],[292.53333282470703,192.53334045410156,0.091],[293.5999984741211,203.1999969482422,0.109],[294.31111907958984,210.3111114501953,0.125],[296.0888900756836,214.93333435058594,0.142],[297.51111602783203,217.06666564941406,0.159],[298.2222213745117,217.7777862548828,0.175],[298.2222213745117,217.42222595214844,0.199],[298.5777816772461,217.06666564941406,0.208],[298.93334197998047,216.7111053466797,0.225],[302.13333892822266,216.3555450439453,0.241],[306.04447174072266,217.42222595214844,0.254]]]}"
366,2026-02-18 13:38:39.30424,ι,"{""letter"":""ι"",""timestamp"":""2026-02-18T13:38:40.001Z"",""num_strokes"":1,""strokes"":[[[307.46666717529297,134.3111572265625,0],[306.4000015258789,135.022216796875,0.016],[306.04447174072266,135.73333740234375,0.032],[306.04447174072266,136.79998779296875,0.048],[306.04447174072266,139.28887939453125,0.065],[306.04447174072266,152.08889770507812,0.081],[307.82222747802734,169.86666870117188,0.098],[309.95555877685547,184.79998779296875,0.114],[312.0888900756836,199.37777709960938,0.132],[313.51111602783203,210.39999389648438,0.148],[313.8666763305664,217.86666870117188,0.164],[314.2222213745117,221.42221069335938,0.181],[314.2222213745117,222.4888916015625,0.197],[314.2222213745117,222.84445190429688,0.214],[314.5777816772461,223.20001220703125,0.231],[316.35558319091797,223.20001220703125,0.249],[319.9111099243164,223.20001220703125,0.264],[325.2444534301758,223.20001220703125,0.282],[330.93334197998047,223.20001220703125,0.298],[337.33333587646484,223.20001220703125,0.314],[344.44445037841797,222.4888916015625,0.331]]]}"
408,2026-02-18 16:29:13.035551,ι,"{""letter"":""ι"",""timestamp"":""2026-02-18T16:29:13.779Z"",""num_strokes"":1,""strokes"":[[[295.02222442626953,69.95556640625,0],[295.02222442626953,70.31109619140625,0.016],[294.31111907958984,71.37777709960938,0.033],[293.5999984741211,74.22222900390625,0.049],[291.82222747802734,80.26666259765625,0.066],[288.2666702270508,95.5555419921875,0.085],[287.2000045776367,105.5111083984375,0.099],[286.84444427490234,114.75555419921875,0.116],[286.48889923095703,123.28887939453125,0.133],[286.48889923095703,165.1555633544922,0.15],[287.5555648803711,169.06666564941406,0.166],[288.2666702270508,171.91111755371094,0.183],[290.0444564819336,173.6888885498047,0.2],[291.82222747802734,174.7555389404297,0.218],[293.95555877685547,174.7555389404297,0.233],[295.7333450317383,175.11109924316406,0.249],[297.15555572509766,175.11109924316406,0.267],[298.2222213745117,175.11109924316406,0.283],[299.2888870239258,174.7555389404297,0.3],[303.9111099243164,174.40000915527344,0.316],[309.2444534301758,174.40000915527344,0.331]]]}"
394,2026-02-18 13:39:39.087984,ι,"{""letter"":""ι"",""timestamp"":""2026-02-18T13:39:39.784Z"",""num_strokes"":1,""strokes"":[[[324.1777877807617,107.28887939453125,0],[323.46666717529297,107.28887939453125,0.016],[323.46666717529297,108,0.031],[323.46666717529297,108.71112060546875,0.047],[323.11112213134766,111.20001220703125,0.065],[319.5555648803711,128.26666259765625,0.08],[315.64444732666016,148.17776489257812,0.098],[313.51111602783203,161.33334350585938,0.114],[311.3777847290039,171.64443969726562,0.131],[310.31111907958984,178.75555419921875,0.148],[310.31111907958984,184.4444580078125,0.164],[311.3777847290039,187.64443969726562,0.181],[313.51111602783203,190.13333129882812,0.197],[317.7777786254883,192.62222290039062,0.214],[323.11112213134766,194.39999389648438,0.231],[329.15555572509766,196.17776489257812,0.248],[335.9111099243164,197.60000610351562,0.264],[344.44445037841797,197.60000610351562,0.281]]]}"
422,2026-02-18 16:29:44.740613,ι,"{""letter"":""ι"",""timestamp"":""2026-02-18T16:29:45.487Z"",""num_strokes"":1,""strokes"":[[[323.11112213134766,101.95556640625,0],[322.4000015258789,103.37777709960938,0.033],[322.4000015258789,105.15554809570312,0.05],[322.4000015258789,107.64443969726562,0.066],[321.6888961791992,122.93331909179688,0.084],[320.62223052978516,137.5111083984375,0.1],[319.9111099243164,148.17776489257812,0.117],[319.5555648803711,155.64443969726562,0.133],[319.2000045776367,159.91110229492188,0.15],[319.9111099243164,160.977783203125,0.167],[321.6888961791992,161.33334350585938,0.184],[324.1777877807617,160.977783203125,0.2],[327.3777847290039,160.977783203125,0.218],[329.8666763305664,160.977783203125,0.233],[332.35558319091797,160.62222290039062,0.25],[335.2000045776367,159.91110229492188,0.266],[339.46666717529297,158.84445190429688,0.283],[343.02222442626953,157.42221069335938,0.296]]]}"
436,2026-02-18 16:30:34.121685,ι,"{""letter"":""ι"",""timestamp"":""2026-02-18T16:30:34.862Z"",""num_strokes"":1,""strokes"":[[[294.31111907958984,94.4888916015625,0],[294.31111907958984,95.20001220703125,0.034],[293.95555877685547,95.91110229492188,0.049],[293.5999984741211,96.62222290039062,0.066],[293.5999984741211,99.11114501953125,0.083],[293.5999984741211,104.79998779296875,0.099],[293.5999984741211,119.022216796875,0.116],[293.95555877685547,124.71112060546875,0.132],[294.31111907958984,130.04443359375,0.149],[295.3777847290039,134.3111572265625,0.165],[296.44445037841797,136.79998779296875,0.182],[297.8666763305664,138.22222900390625,0.199],[299.64444732666016,138.93331909179688,0.215],[301.7777786254883,139.28887939453125,0.233],[303.9111099243164,139.28887939453125,0.248],[307.11112213134766,139.28887939453125,0.265],[314.5777816772461,138.57778930664062,0.282]]]}"
450,2026-02-18 16:31:03.90348,ι,"{""letter"":""ι"",""timestamp"":""2026-02-18T16:31:04.667Z"",""num_strokes"":1,""strokes"":[[[317.7777786254883,147.02223205566406,0],[317.42223358154297,147.7333221435547,0.029],[317.42223358154297,148.44444274902344,0.042],[317.0666732788086,149.8666534423828,0.059],[316.7111129760742,153.42225646972656,0.075],[314.5777816772461,171.1999969482422,0.092],[314.2222213745117,183.2888946533203,0.108],[315.2889175415039,193.2444305419922,0.125],[315.64444732666016,201.7777862548828,0.142],[317.0666732788086,207.11109924316406,0.158],[318.48889923095703,209.95555114746094,0.176],[320.2666702270508,210.6666717529297,0.192],[322.4000015258789,210.6666717529297,0.209],[324.53333282470703,210.3111114501953,0.225],[327.7333450317383,209.59999084472656,0.242],[334.84444427490234,207.11109924316406,0.259],[338.4000015258789,204.2666778564453,0.273]]]}"
464,2026-02-18 16:31:34.917106,ι,"{""letter"":""ι"",""timestamp"":""2026-02-18T16:31:35.647Z"",""num_strokes"":1,""strokes"":[[[300.7111129760742,94.4888916015625,0],[300.7111129760742,94.4888916015625,0.011],[300.35558319091797,95.5555419921875,0.028],[300.00000762939453,96.97781372070312,0.044],[299.64444732666016,100.5333251953125,0.061],[297.51111602783203,122.93331909179688,0.077],[297.51111602783203,140.35556030273438,0.094],[297.15555572509766,156,0.11],[297.15555572509766,165.95556640625,0.127],[298.2222213745117,172,0.144],[299.2888870239258,174.4888916015625,0.16],[301.0666732788086,175.55560302734375,0.177],[303.5555648803711,175.91110229492188,0.193],[307.11112213134766,175.55560302734375,0.211],[312.0888900756836,175.20001220703125,0.227],[317.0666732788086,174.4888916015625,0.244],[322.7555618286133,173.06671142578125,0.26],[325.5999984741211,172.35556030273438,0.274]]]}"
478,2026-02-18 16:32:04.243516,ι,"{""letter"":""ι"",""timestamp"":""2026-02-18T16:32:04.346Z"",""num_strokes"":1,""strokes"":[[[326.2053451538086,210.17726135253906,0],[314.19669342041016,236.13157653808594,0.093],[306.4214096069336,249.2322235107422,0.109],[299.4855728149414,261.1565399169922,0.126],[294.1152572631836,271.66709899902344,0.142],[289.9545364379883,281.1067657470703,0.159],[288.3449478149414,289.7538604736328,0.175],[288.3449478149414,294.4402313232422,0.191],[289.4251937866211,297.86692810058594,0.208],[293.1821060180664,301.8046417236328,0.224],[298.6891860961914,305.0866241455078,0.241],[306.3633041381836,307.3796844482422,0.258],[313.7081069946289,308.47303771972656,0.275],[320.92125701904297,308.47303771972656,0.292],[323.80924224853516,308.47303771972656,0.308],[326.71363067626953,307.4995574951172,0.325],[328.2173385620117,307.03440856933594,0.342],[328.60192108154297,307.03440856933594,0.347]]]}"
506,2026-02-18 16:32:44.782603,ι,"{""letter"":""ι"",""timestamp"":""2026-02-18T16:32:44.927Z"",""num_strokes"":1,""strokes"":[[[320.9339065551758,172.8402557373047,0],[320.9339065551758,172.8402557373047,0.098],[318.36402130126953,188.5735626220703,0.114],[314.50118255615234,203.9503936767578,0.131],[311.4080123901367,218.1555938720703,0.147],[308.5603256225586,230.94602966308594,0.164],[306.58394622802734,244.51695251464844,0.181],[305.5318374633789,256.73411560058594,0.197],[305.1186294555664,267.00572204589844,0.214],[305.2432632446289,275.47105407714844,0.231],[306.7553939819336,281.80357360839844,0.247],[308.00894927978516,283.6173553466797,0.264],[311.71202850341797,285.80174255371094,0.281],[317.0284652709961,286.47959899902344,0.298],[323.8041000366211,285.6012420654297,0.314],[332.6034164428711,283.6548309326172,0.332],[340.51831817626953,281.6976776123047,0.348],[347.8865280151367,280.7026824951172,0.365],[350.71968841552734,280.24644470214844,0.381],[352.0847396850586,279.6617889404297,0.398],[351.6055221557617,279.7667694091797,0.408]]]}"
576,2026-02-18 16:35:22.834836,ι,"{""letter"":""ι"",""timestamp"":""2026-02-18T16:35:22.921Z"",""num_strokes"":2,""strokes"":[[[314.7035598754883,146.46852111816406,0],[309.20914459228516,165.49546813964844,0.075],[304.6450424194336,184.80345153808594,0.09],[300.6023178100586,205.80775451660156,0.107],[297.6478500366211,223.01759338378906,0.123],[295.5744857788086,236.9295196533203,0.14],[293.8660659790039,248.7723846435547,0.157],[293.6168441772461,257.01661682128906,0.174],[293.6168441772461,260.3158416748047,0.19],[293.6168441772461,266.2923126220703,0.207],[292.33048248291016,273.23097229003906,0.223],[292.1791763305664,273.53355407714844,0.226]],[[341.06217193603516,1.598968505859375,0],[341.06217193603516,1.598968505859375,0.024]]]}"
527,2026-02-18 16:33:18.752427,ι,"{""letter"":""ι"",""timestamp"":""2026-02-18T16:33:19.507Z"",""num_strokes"":2,""strokes"":[[[291.46666717529297,126.84445190429688,0],[291.11112213134766,126.84445190429688,0.024],[290.7555618286133,127.5555419921875,0.038],[290.7555618286133,128.62222290039062,0.056],[290.0444564819336,131.82223510742188,0.071],[286.84444427490234,149.60000610351562,0.089],[285.06668853759766,164.88888549804688,0.104],[285.42223358154297,175.91110229492188,0.121],[287.5555648803711,183.37777709960938,0.138],[291.11112213134766,189.06671142578125,0.154],[294.6666946411133,191.55560302734375,0.171],[299.64444732666016,192.977783203125,0.188],[309.5999984741211,192.62222290039062,0.204],[316.00000762939453,190.84445190429688,0.217]],[[355.11112213134766,-1.24444580078125,0]]]}"
529,2026-02-18 16:33:20.569663,ι,"{""letter"":""ι"",""timestamp"":""2026-02-18T16:33:20.710Z"",""num_strokes"":2,""strokes"":[[[317.0996780395508,155.09922790527344,0],[317.0996780395508,155.09922790527344,0.031],[314.73072052001953,191.91123962402344,0.13],[310.57653045654297,208.2792510986328,0.147],[306.2490005493164,222.93275451660156,0.164],[302.5398178100586,236.23716735839844,0.181],[299.14171600341797,248.5447235107422,0.196],[297.92984771728516,257.4939422607422,0.213],[297.92984771728516,261.9816436767578,0.23],[302.3267135620117,267.86302185058594,0.247],[311.6478958129883,272.83372497558594,0.263],[323.9586868286133,276.48899841308594,0.28],[336.8442916870117,277.36924743652344,0.297],[349.80904388427734,275.10472106933594,0.314],[361.85701751708984,269.4955596923828,0.33],[369.77379608154297,261.79005432128906,0.347],[370.7753219604492,260.5871124267578,0.351]],[[348.73021697998047,13.10687255859375,0],[348.73021697998047,13.10687255859375,0.032]]]}"
548,2026-02-18 16:34:01.351427,ι,"{""letter"":""ι"",""timestamp"":""2026-02-18T16:34:01.447Z"",""num_strokes"":1,""strokes"":[[[331.47725677490234,162.7709503173828,0],[325.41649627685547,191.03196716308594,0.126],[317.86978912353516,204.77012634277344,0.141],[310.6210403442383,216.97181701660156,0.158],[306.25508880615234,225.12794494628906,0.174],[303.0228042602539,233.1913299560547,0.192],[302.2433090209961,241.4303741455078,0.208],[302.2433090209961,246.98570251464844,0.224],[303.0701370239258,250.94972229003906,0.241],[305.7566909790039,256.1096954345703,0.258],[309.99845123291016,260.67466735839844,0.274],[315.30455780029297,263.3748321533203,0.291],[320.8121109008789,264.90245056152344,0.308],[326.27001190185547,264.88136291503906,0.324],[332.0740737915039,263.9144744873047,0.341],[338.1638870239258,260.8381805419922,0.358],[343.13317108154297,258.0354461669922,0.374],[345.37516021728516,256.2717742919922,0.389]]]}"
618,2026-02-18 16:41:23.079978,ι,"{""letter"":""ι"",""timestamp"":""2026-02-18T16:41:22.930Z"",""num_strokes"":1,""strokes"":[[[304.79723358154297,246.01046752929688,0],[303.0211868286133,271.0931091308594,0.066],[302.7590560913086,282.8118591308594,0.083],[301.6951370239258,294.0812683105469,0.1],[301.60034942626953,302.6649475097656,0.117],[301.8652877807617,306.8704833984375,0.134],[302.8225784301758,308.3635559082031,0.15],[305.3263931274414,309.76910400390625,0.167],[310.32743072509766,310.3392333984375,0.183],[316.21910858154297,308.5440979003906,0.201],[322.65799713134766,306.14862060546875,0.216],[329.5340347290039,303.9125061035156,0.233],[338.20035552978516,302.8757019042969,0.25],[348.87430572509766,302.1649475097656,0.267],[350.9767379760742,302.1649475097656,0.275]]]}"
562,2026-02-18 16:34:38.951021,ι,"{""letter"":""ι"",""timestamp"":""2026-02-18T16:34:39.083Z"",""num_strokes"":1,""strokes"":[[[321.8923568725586,174.75852966308594,0],[321.8923568725586,174.75852966308594,0.08],[318.96363067626953,185.59092712402344,0.099],[314.35596466064453,198.3378448486328,0.112],[309.3079605102539,212.0511932373047,0.13],[305.6835708618164,225.6343231201172,0.148],[301.7926712036133,241.72972106933594,0.161],[300.35782623291016,254.58067321777344,0.179],[300.8220443725586,261.13233947753906,0.195],[302.77452850341797,268.9989776611328,0.212],[305.8395767211914,275.8144989013672,0.229],[309.9366226196289,280.27183532714844,0.245],[315.65685272216797,283.9841766357422,0.262],[322.71495819091797,285.5206756591797,0.279],[330.06909942626953,285.24241638183594,0.295],[340.94554901123047,282.3347625732422,0.312],[348.4940872192383,278.90245056152344,0.329],[351.59615325927734,276.89939880371094,0.346],[352.0847396850586,276.88999938964844,0.352]]]}"
590,2026-02-18 16:36:04.960162,ι,"{""letter"":""ι"",""timestamp"":""2026-02-18T16:36:05.092Z"",""num_strokes"":1,""strokes"":[[[320.45470428466797,136.8784637451172,0],[320.3628616333008,148.04762268066406,0.084],[318.79918670654297,167.0389862060547,0.095],[315.5594253540039,185.15293884277344,0.111],[312.4001998901367,200.4707489013672,0.128],[309.59839630126953,215.7688446044922,0.145],[308.4952163696289,226.4995574951172,0.161],[308.4731979370117,232.2970733642578,0.173]]]}"
606,2026-02-18 16:40:54.903333,ι,"{""letter"":""ι"",""timestamp"":""2026-02-18T16:40:55.014Z"",""num_strokes"":1,""strokes"":[[[270.02950286865234,213.24644470214844,0],[270.02950286865234,213.24644470214844,0.023],[269.60974884033203,221.49928283691406,0.106],[267.9645004272461,234.5966033935547,0.122],[264.38353729248047,248.22657775878906,0.139],[260.78694915771484,259.16233825683594,0.156],[257.77628326416016,269.3227996826172,0.172],[256.22408294677734,277.7514190673828,0.188],[256.22408294677734,283.9442596435547,0.205],[256.8057632446289,284.92649841308594,0.222],[258.55541229248047,288.79124450683594,0.238],[261.74007415771484,292.2635040283203,0.256],[266.5582504272461,294.6267852783203,0.272],[272.79761505126953,295.39381408691406,0.289],[281.50675201416016,295.0063934326172,0.305],[290.34839630126953,292.75318908691406,0.322],[297.1377944946289,290.5564727783203,0.338],[301.1143569946289,288.7489471435547,0.355],[301.63672637939453,288.48756408691406,0.36]]]}"
646,2026-02-18 16:42:44.190786,ι,"{""letter"":""ι"",""timestamp"":""2026-02-18T16:42:44.048Z"",""num_strokes"":1,""strokes"":[[[310.4809036254883,137.68161010742188,0],[310.4809036254883,137.68161010742188,0.041],[308.9340286254883,146.50936889648438,0.058],[308.70487213134766,155.72500610351562,0.075],[307.8684310913086,165.45834350585938,0.092],[305.8402786254883,175.57846069335938,0.109],[304.5531234741211,184.68338012695312,0.125],[305.03784942626953,192.09375,0.142],[307.78194427490234,196.4666748046875,0.159],[312.5170211791992,198.34097290039062,0.176],[317.14376068115234,197.61770629882812,0.192],[322.4840316772461,194.9954833984375,0.21],[327.34583282470703,191.55313110351562,0.226],[331.43924713134766,188.50485229492188,0.241]]]}"
660,2026-02-18 16:43:16.085799,ι,"{""letter"":""ι"",""timestamp"":""2026-02-18T16:43:15.937Z"",""num_strokes"":1,""strokes"":[[[318.6510696411133,200.51840209960938,0],[318.6510696411133,200.51840209960938,0.033],[314.85660552978516,215.28439331054688,0.067],[315.09896087646484,224.32952880859375,0.084],[314.7434310913086,232.3975830078125,0.101],[314.38822174072266,239.32501220703125,0.117],[314.6309127807617,244.38125610351562,0.134],[315.33924102783203,247.20242309570312,0.15],[318.1823196411133,248.61807250976562,0.167],[323.6552200317383,248.3729248046875,0.184],[330.4298629760742,245.15765380859375,0.201],[339.59236907958984,240.26702880859375,0.218],[341.3854446411133,239.2576904296875,0.225]]]}"
674,2026-02-18 16:47:15.997452,ι,"{""letter"":""ι"",""timestamp"":""2026-02-18T16:47:15.747Z"",""num_strokes"":1,""strokes"":[[[337,205.171875,0],[336,215.171875,0.048],[336,222.171875,0.063],[336,225.171875,0.064],[336,239.171875,0.08],[336,256.171875,0.097],[337,274.171875,0.113],[338,290.171875,0.13],[341,302.171875,0.147],[343,309.171875,0.163],[347,311.171875,0.18],[351,311.171875,0.197],[355,307.171875,0.214],[363,299.171875,0.23],[371,289.171875,0.247],[380,277.171875,0.264],[383,274.171875,0.28]]]}"
688,2026-02-18 16:47:57.563255,ι,"{""letter"":""ι"",""timestamp"":""2026-02-18T16:47:57.316Z"",""num_strokes"":1,""strokes"":[[[325,216.171875,0],[326,231.171875,0.03],[326,234.171875,0.047],[328,247.171875,0.047],[332,269.171875,0.064],[335,295.171875,0.08],[338,321.171875,0.097],[340,344.171875,0.114],[343,392.671875,0.13],[346,397.671875,0.147],[349,396.671875,0.164],[354,385.671875,0.18],[364,368.671875,0.197],[377,350.671875,0.213],[386,338.671875,0.231]]]}"
702,2026-02-18 16:49:06.994728,ι,"{""letter"":""ι"",""timestamp"":""2026-02-18T16:49:06.750Z"",""num_strokes"":1,""strokes"":[[[310,184.171875,0],[310,201.171875,0.048],[310,216.171875,0.064],[311,235.171875,0.081],[313,260.171875,0.097],[318,286.171875,0.113],[325,309.171875,0.131],[334,326.171875,0.147],[343,336.171875,0.164],[350,340.171875,0.18],[355,340.171875,0.197],[359,340.171875,0.214],[364,373.671875,0.231],[370,370.671875,0.246],[376,364.671875,0.263],[383,357.671875,0.28],[391,351.671875,0.297],[398,344.671875,0.314]]]}"
726,2026-02-18 16:50:44.096498,ι,"{""letter"":""ι"",""timestamp"":""2026-02-18T16:50:43.828Z"",""num_strokes"":1,""strokes"":[[[294.31111907958984,215.82781982421875,0],[292.9968795776367,214.869140625,0.025],[292.7111129760742,214.58334350585938,0.032],[293.2444534301758,216.15872192382812,0.066],[293.0204849243164,218.1072998046875,0.074],[292.24097442626953,222.26809692382812,0.083],[291.12813568115234,231.0711669921875,0.092],[289.6010513305664,241.83059692382812,0.102],[288.08055877685547,250.85311889648438,0.109],[287.07848358154297,258.881591796875,0.117],[286.10208892822266,266.28680419921875,0.125],[285.5444564819336,273.11737060546875,0.134],[285.42223358154297,279.6635437011719,0.142],[285.42223358154297,285.59686279296875,0.15],[286.12813568115234,291.41387939453125,0.159],[287.2201614379883,296.7507019042969,0.166],[288.9479293823242,301.3333435058594,0.175],[291.59896087646484,305.5652770996094,0.183],[294.7559127807617,309.3194885253906,0.191],[298.47534942626953,313.1476135253906,0.2],[302.62259674072266,316.54998779296875,0.208],[306.59827423095703,319.4708251953125,0.217],[310.52083587646484,321.8329772949219,0.225],[314.45313262939453,323.48333740234375,0.233],[318.43541717529297,324.3819885253906,0.242],[322.28055572509766,324.8645935058594,0.25],[324.8524398803711,324.7524719238281,0.259],[326.5055618286133,324.4013977050781,0.266],[327.98751068115234,324.03094482421875,0.275],[329.19271087646484,323.6673583984375,0.283],[330.0013961791992,323.31597900390625,0.291],[330.46666717529297,322.96112060546875,0.3],[330.7555618286133,322.6722106933594,0.308],[330.93334197998047,322.49444580078125,0.365]]]}"
782,2026-02-18 16:55:41.44119,ι,"{""letter"":""ι"",""timestamp"":""2026-02-18T16:55:41.575Z"",""num_strokes"":1,""strokes"":[[[276.2056198120117,222.672607421875,0],[276.2056198120117,280.8544158935547,0.089],[274.38211822509766,285.87110900878906,0.107],[270.14737701416016,299.19105529785156,0.122],[266.81285858154297,314.23268127441406,0.137],[264.38851165771484,330.59596252441406,0.154],[262.87325286865234,347.17897033691406,0.171],[262.99254608154297,360.5689239501953,0.187],[263.75463104248047,366.6732940673828,0.203],[265.25035858154297,374.65907287597656,0.22],[267.72196197509766,379.5522003173828,0.237],[271.4371566772461,381.5283966064453,0.253],[275.20919036865234,381.77272033691406,0.27],[284.31180572509766,378.62184143066406,0.287],[293.8853073120117,374.14918518066406,0.303],[298.7301254272461,371.36219787597656,0.313]]]}"
740,2026-02-18 16:51:25.120497,ι,"{""letter"":""ι"",""timestamp"":""2026-02-18T16:51:24.832Z"",""num_strokes"":1,""strokes"":[[[310.31111907958984,155.38333129882812,0],[309.38021087646484,156.31423950195312,0.018],[309.2444534301758,156.91912841796875,0.027],[309.2444534301758,157.87637329101562,0.036],[309.2444534301758,160.11422729492188,0.044],[309.01598358154297,165.18505859375,0.052],[308.8888931274414,174.09063720703125,0.061],[308.8888931274414,182.82290649414062,0.069],[308.8888931274414,190.1854248046875,0.078],[308.8888931274414,197.50137329101562,0.087],[308.8888931274414,204.99026489257812,0.094],[308.8888931274414,211.67047119140625,0.103],[309.12223052978516,218.12847900390625,0.111],[309.69063568115234,224.243408203125,0.119],[310.4260482788086,229.78887939453125,0.128],[311.1618118286133,234.6895751953125,0.136],[311.8479232788086,239.149658203125,0.144],[312.54549407958984,244.368408203125,0.152],[313.4500045776367,249.22186279296875,0.16],[314.52222442626953,252.99444580078125,0.169],[315.8875045776367,256.1364440917969,0.178],[317.0569534301758,258.70867919921875,0.186],[318.3361129760742,260.93194580078125,0.194],[319.7420425415039,262.8163146972656,0.202],[321.2229232788086,264.428466796875,0.211],[322.68299102783203,265.8885498046875,0.219],[324.11180877685547,267.0670166015625,0.228],[325.7579879760742,268.1180419921875,0.236],[327.4826431274414,268.9187927246094,0.244],[329.2385482788086,269.6208190917969,0.253],[331.2278060913086,269.8722229003906,0.261],[333.58507537841797,269.6458435058594,0.27],[335.85973358154297,269.2882385253906,0.277],[338.22083282470703,268.4760437011719,0.286],[340.2444534301758,267.6409606933594,0.294],[342.00174713134766,266.9382019042969,0.303],[343.62223052978516,266.1944885253906,0.312],[345.07572174072266,265.46771240234375,0.319],[346.25000762939453,265.0038146972656,0.328],[347.31563568115234,264.64862060546875,0.336],[348.37500762939453,264.29547119140625,0.344],[349.19861602783203,263.9395751953125,0.353],[350.1545181274414,263.58367919921875,0.361],[351.9684066772461,262.9791564941406,0.369],[354.49584197998047,261.59027099609375,0.378],[357.2732925415039,259.1767272949219,0.386],[358.31111907958984,258.1388854980469,0.392]]]}"
768,2026-02-18 16:55:01.730101,ι,"{""letter"":""ι"",""timestamp"":""2026-02-18T16:55:01.896Z"",""num_strokes"":1,""strokes"":[[[272.20919036865234,144.5234375,0],[272.20919036865234,144.5234375,0.03],[271.1939010620117,165.58807373046875,0.129],[270.42224884033203,177.6409912109375,0.145],[269.31465911865234,190.192138671875,0.162],[267.4424819946289,201.6644287109375,0.179],[266.1129379272461,214.13571166992188,0.197],[264.73970794677734,223.57601928710938,0.214],[263.97550201416016,228.485107421875,0.231],[263.12679290771484,235.6527099609375,0.247],[262.76351165771484,243.77984619140625,0.264],[262.76351165771484,249.10556030273438,0.281],[263.52806854248047,255.21310424804688,0.298],[264.64488983154297,259.5795593261719,0.314],[266.45882415771484,262.7184143066406,0.331],[268.45845794677734,264.2326354980469,0.348],[271.09021759033203,264.8370056152344,0.364],[274.9463882446289,264.2891540527344,0.381],[280.69283294677734,262.5323181152344,0.398],[286.59449005126953,260.3157043457031,0.414],[291.28836822509766,257.6551818847656,0.431],[294.71805572509766,255.03872680664062,0.448],[295.4698257446289,253.92294311523438,0.465],[295.8238754272461,253.13925170898438,0.481],[296.1871566772461,252.42050170898438,0.498],[296.1871566772461,252.11508178710938,0.505]]]}"
810,2026-02-18 17:42:33.394121,ι,"{""letter"":""ι"",""timestamp"":""2026-02-18T17:42:33.519Z"",""num_strokes"":1,""strokes"":[[[269.30294036865234,205.97657775878906,0],[264.30008697509766,221.94358825683594,0.118],[260.18785858154297,233.81858825683594,0.133],[255.83382415771484,245.66334533691406,0.15],[251.89453887939453,255.21910095214844,0.167],[249.69747161865234,261.4389190673828,0.183],[246.9605941772461,270.6743621826172,0.2],[244.42969512939453,279.08314514160156,0.216],[242.18431854248047,286.58204650878906,0.233],[241.32884979248047,291.6196746826172,0.25],[241.3292007446289,295.39418029785156,0.267],[244.01883697509766,298.44850158691406,0.283],[248.83809661865234,302.08274841308594,0.3],[255.93575286865234,304.5955352783203,0.317],[264.7926254272461,305.57142639160156,0.333],[274.1782760620117,304.6658477783203,0.35],[286.23722076416016,302.00816345214844,0.367],[294.00711822509766,297.93821716308594,0.38]]]}"
838,2026-02-18 17:50:23.927484,ι,"{""letter"":""ι"",""timestamp"":""2026-02-18T17:50:24.042Z"",""num_strokes"":1,""strokes"":[[[286.37784576416016,219.06214904785156,0],[286.37784576416016,219.06214904785156,0.029],[286.37784576416016,219.06214904785156,0.094],[281.94710540771484,234.20240783691406,0.127],[278.29297637939453,245.54124450683594,0.143],[274.2329635620117,256.6580352783203,0.16],[270.8110885620117,267.70704650878906,0.176],[267.92650604248047,278.0017852783203,0.193],[266.75960540771484,284.94956970214844,0.21],[267.30541229248047,289.58131408691406,0.226],[268.57637786865234,291.39564514160156,0.243],[269.4449691772461,291.64845275878906,0.26],[273.63602447509766,292.3885040283203,0.276],[280.8345260620117,291.82456970214844,0.293],[289.12325286865234,289.98756408691406,0.31],[297.1949691772461,287.4208221435547,0.326],[304.4005813598633,284.2943878173828,0.343],[309.9925765991211,281.94496154785156,0.358]]]}"
852,2026-02-18 18:41:20.852909,ι,"{""letter"":""ι"",""timestamp"":""2026-02-18T18:41:20.760Z"",""num_strokes"":1,""strokes"":[[[298,193.5,0],[298,207.5,0.045],[298,212.5,0.061],[298.3333333333333,217.83333333333326,0.062],[300.3333333333333,230.16666666666663,0.078],[302.66666666666663,245.16666666666663,0.095],[304.66666666666663,262.83333333333326,0.111],[307,278.83333333333326,0.128],[310.3333333333333,291.16666666666663,0.145],[313.66666666666663,295.83333333333326,0.161],[317.66666666666663,295.5,0.178],[322,282.5,0.195],[331.3333333333333,265.83333333333326,0.211]]]}"
866,2026-02-18 18:41:57.205483,ι,"{""letter"":""ι"",""timestamp"":""2026-02-18T18:41:57.108Z"",""num_strokes"":1,""strokes"":[[[353,154.66666666666663,0],[348.66666666666663,170.33333333333326,0.013],[348,190.66666666666663,0.028],[348,213.33333333333326,0.044],[349.3333333333333,234,0.061],[356.3333333333333,248.33333333333326,0.078],[365,252.66666666666663,0.095],[373,252.33333333333326,0.111],[382.66666666666663,244,0.128],[393.33333333333337,236.66666666666663,0.144]]]}"
